fecha,partido,resultado,competencia,team_id
"Sáb., 6 de Jun.",Estados Unidos,1 - 2,Alemania,660
"Dom., 31 de May.",Estados Unidos,3 - 2,Senegal,660
"Mar., 31 de Mar.",Estados Unidos,0 - 2,Portugal,660
"Sáb., 28 de Mar.",Estados Unidos,2 - 5,Bélgica,660
"Mar., 18 de Nov.",Estados Unidos,5 - 1,Uruguay,660
"Sáb., 15 de Nov.",Estados Unidos,2 - 1,Paraguay,660
"Mar., 14 de Oct.",Estados Unidos,2 - 1,Australia,660
"Vie., 10 de Oct.",Estados Unidos,1 - 1,Ecuador,660
"Mar., 9 de Sep.",Estados Unidos,2 - 0,Japón,660
"Sáb., 6 de Sep.",Estados Unidos,0 - 2,Corea del Sur,660
"Dom., 6 de Jul.",Estados Unidos,1 - 2,México,660
"Mié., 2 de Jul.",Estados Unidos,2 - 1,Guatemala,660
"Dom., 29 de Jun.",Estados Unidos,2 - 2Estados Unidos ganó 4-3 en penales,Costa Rica,660
"Dom., 22 de Jun.",Estados Unidos,2 - 1,Haití,660
"Jue., 19 de Jun.",Arabia Saudita,0 - 1,Estados Unidos,660
"Dom., 15 de Jun.",Estados Unidos,5 - 0,Trinidad y Tobago,660
"Mar., 10 de Jun.",Estados Unidos,0 - 4,Suiza,660
"Sáb., 7 de Jun.",Estados Unidos,1 - 2,Turquía,660
"Dom., 23 de Mar.",Canadá,2 - 1,Estados Unidos,660
"Jue., 20 de Mar.",Estados Unidos,0 - 1,Panamá,660
"Mié., 22 de Ene.",Estados Unidos,3 - 0,Costa Rica,660
"Sáb., 18 de Ene.",Estados Unidos,3 - 1,Venezuela,660
"Lun., 18 de Nov.",Estados Unidos,4 - 2Vuelta · Estados Unidos gana 5-2 en marcador global,Jamaica,660
"Jue., 14 de Nov.",Jamaica,0 - 1Ida,Estados Unidos,660
"Mar., 15 de Oct.",México,2 - 0,Estados Unidos,660
"Jue., 11 de Jun.",México,2 - 0,Sudáfrica,203
"Jue., 4 de Jun.",México,5 - 1,Serbia,203
"Sáb., 30 de May.",México,1 - 0,Australia,203
"Vie., 22 de May.",México,2 - 0,Ghana,203
"Mar., 31 de Mar.",México,1 - 1,Bélgica,203
"Sáb., 28 de Mar.",México,0 - 0,Portugal,203
"Mié., 25 de Feb.",México,4 - 0,Islandia,203
"Dom., 25 de Ene.",Bolívia,0 - 1,México,203
"Jue., 22 de Ene.",Panamá,0 - 1,México,203
"Mar., 18 de Nov.",México,1 - 2,Paraguay,203
"Sáb., 15 de Nov.",México,0 - 0,Uruguay,203
"Mar., 14 de Oct.",México,1 - 1,Ecuador,203
"Sáb., 11 de Oct.",México,0 - 4,Colombia,203
"Mar., 9 de Sep.",México,2 - 2,Corea del Sur,203
"Sáb., 6 de Sep.",México,0 - 0,Japón,203
"Dom., 6 de Jul.",Estados Unidos,1 - 2,México,203
"Mié., 2 de Jul.",México,1 - 0,Honduras,203
"Sáb., 28 de Jun.",México,2 - 0,Arabia Saudita,203
"Dom., 22 de Jun.",México,0 - 0,Costa Rica,203
"Mié., 18 de Jun.",Suriname,0 - 2,México,203
"Sáb., 14 de Jun.",México,3 - 2,República Dominicana,203
"Mar., 10 de Jun.",México,1 - 0,Turquía,203
"Sáb., 7 de Jun.",México,2 - 4,Suiza,203
"Dom., 23 de Mar.",México,2 - 1,Panamá,203
"Jue., 20 de Mar.",Canadá,0 - 2,México,203
"Jue., 11 de Jun.",Corea del Sur,2 - 1,Chequia,451
"Mié., 3 de Jun.",Corea del Sur,1 - 0,El Salvador,451
"Sáb., 30 de May.",Corea del Sur,5 - 0,Trinidad y Tobago,451
"Mar., 31 de Mar.",Austria,1 - 0,Corea del Sur,451
"Sáb., 28 de Mar.",Corea del Sur,0 - 4,Costa de Marfil,451
"Mar., 18 de Nov.",Corea del Sur,1 - 0,Ghana,451
"Vie., 14 de Nov.",Corea del Sur,2 - 0,Bolívia,451
"Mar., 14 de Oct.",Corea del Sur,2 - 0,Paraguay,451
"Vie., 10 de Oct.",Corea del Sur,0 - 5,Brasil,451
"Mar., 9 de Sep.",México,2 - 2,Corea del Sur,451
"Sáb., 6 de Sep.",Estados Unidos,0 - 2,Corea del Sur,451
"Mar., 10 de Jun.",Corea del Sur,4 - 0,Kuwait,451
"Jue., 5 de Jun.",Irak,0 - 2,Corea del Sur,451
"Mar., 25 de Mar.",Corea del Sur,1 - 1,Jordania,451
"Jue., 20 de Mar.",Corea del Sur,1 - 1,Omán,451
"Mar., 19 de Nov.",Palestina,1 - 1,Corea del Sur,451
"Jue., 14 de Nov.",Kuwait,1 - 3,Corea del Sur,451
"Mar., 15 de Oct.",Corea del Sur,3 - 2,Irak,451
"Jue., 10 de Oct.",Jordania,0 - 2,Corea del Sur,451
"Mar., 10 de Sep.",Omán,1 - 3,Corea del Sur,451
"Jue., 5 de Sep.",Corea del Sur,0 - 0,Palestina,451
"Mar., 11 de Jun.",Corea del Sur,1 - 0,China,451
"Jue., 6 de Jun.",Singapur,0 - 7,Corea del Sur,451
"Mar., 26 de Mar.",Tailandia,0 - 3,Corea del Sur,451
"Jue., 21 de Mar.",Corea del Sur,1 - 1,Tailandia,451
"Jue., 11 de Jun.",Corea del Sur,2 - 1,Chequia,450
"Jue., 4 de Jun.",Chequia,3 - 1,Guatemala,450
"Dom., 31 de May.",Chequia,2 - 1,Kosovo,450
"Mar., 31 de Mar.",Chequia,2 - 2Chequia ganó 3-1 en penales,Dinamarca,450
"Jue., 26 de Mar.",Chequia,2 - 2Chequia ganó 4-3 en penales,Irlanda,450
"Lun., 17 de Nov.",Chequia,6 - 0,Gibraltar,450
"Jue., 13 de Nov.",Chequia,1 - 0,San Marino,450
"Dom., 12 de Oct.",Islas Feroe,2 - 1,Chequia,450
"Jue., 9 de Oct.",Chequia,0 - 0,Croacia,450
"Lun., 8 de Sep.",Chequia,1 - 1,Arabia Saudita,450
"Vie., 5 de Sep.",Montenegro,0 - 2,Chequia,450
"Lun., 9 de Jun.",Croacia,5 - 1,Chequia,450
"Vie., 6 de Jun.",Chequia,2 - 0,Montenegro,450
"Mar., 25 de Mar.",Gibraltar,0 - 4,Chequia,450
"Sáb., 22 de Mar.",Chequia,2 - 1,Islas Feroe,450
"Mar., 19 de Nov.",Chequia,2 - 1,Georgia,450
"Sáb., 16 de Nov.",Albania,0 - 0,Chequia,450
"Lun., 14 de Oct.",Ucrania,1 - 1,Chequia,450
"Vie., 11 de Oct.",Chequia,2 - 0,Albania,450
"Mar., 10 de Sep.",Chequia,3 - 2,Ucrania,450
"Sáb., 7 de Sep.",Georgia,4 - 1,Chequia,450
"Mié., 26 de Jun.",Chequia,1 - 2,Turquía,450
"Sáb., 22 de Jun.",Georgia,1 - 1,Chequia,450
"Mar., 18 de Jun.",Portugal,2 - 1,Chequia,450
"Lun., 10 de Jun.",Chequia,2 - 1,North Macedonia,450
"Jue., 11 de Jun.",México,2 - 0,Sudáfrica,467
"Sáb., 6 de Jun.",Jamaica,0 - 1,Sudáfrica,467
"Vie., 29 de May.",Sudáfrica,0 - 0,Nicaragua,467
"Mar., 31 de Mar.",Sudáfrica,1 - 2,Panamá,467
"Vie., 27 de Mar.",Sudáfrica,1 - 1,Panamá,467
"Dom., 4 de Ene.",Sudáfrica,1 - 2,Camerún,467
"Lun., 29 de Dic.",Zimbabwe,2 - 3,Sudáfrica,467
"Vie., 26 de Dic.",Egipto,1 - 0,Sudáfrica,467
"Lun., 22 de Dic.",Sudáfrica,2 - 1,Angola,467
"Sáb., 15 de Nov.",Sudáfrica,3 - 1,Zambia,467
"Mar., 14 de Oct.",Sudáfrica,3 - 0,Rwanda,467
"Vie., 10 de Oct.",Zimbabwe,0 - 0,Sudáfrica,467
"Mar., 9 de Sep.",Sudáfrica,1 - 1,Nigeria,467
"Vie., 5 de Sep.",Lesoto,0 - 3,Sudáfrica,467
"Lun., 18 de Ago.",Sudáfrica,3 - 3,Uganda,467
"Vie., 15 de Ago.",Niger,0 - 0,Sudáfrica,467
"Lun., 11 de Ago.",Sudáfrica,2 - 1,Guinea,467
"Vie., 8 de Ago.",Argelia,1 - 1,Sudáfrica,467
"Dom., 15 de Jun.",Angola,3 - 0,Sudáfrica,467
"Vie., 13 de Jun.",Sudáfrica,3 - 1,Comoros,467
"Mar., 10 de Jun.",Sudáfrica,2 - 0,Mozambique,467
"Mar., 10 de Jun.",Sudáfrica,0 - 0,Mauricio,467
"Sáb., 7 de Jun.",Sudáfrica,2 - 0,Zimbabwe,467
"Vie., 6 de Jun.",Sudáfrica,0 - 0,Tanzania,467
"Mié., 4 de Jun.",Sudáfrica,0 - 1,Mozambique,467
"Vie., 5 de Jun.",Canadá,1 - 1,Irlanda,206
"Lun., 1 de Jun.",Canadá,2 - 0,Uzbekistán,206
"Mar., 31 de Mar.",Canadá,0 - 0,Túnez,206
"Sáb., 28 de Mar.",Canadá,2 - 2,Islandia,206
"Sáb., 17 de Ene.",Canadá,1 - 0,Guatemala,206
"Mar., 18 de Nov.",Venezuela,0 - 2,Canadá,206
"Jue., 13 de Nov.",Canadá,0 - 0,Ecuador,206
"Mar., 14 de Oct.",Colombia,0 - 0,Canadá,206
"Vie., 10 de Oct.",Canadá,0 - 1,Australia,206
"Mar., 9 de Sep.",Gales,0 - 1,Canadá,206
"Vie., 5 de Sep.",Rumania,0 - 3,Canadá,206
"Dom., 29 de Jun.",Canadá,1 - 1Guatemala ganó 6-5 en penales,Guatemala,206
"Mar., 24 de Jun.",Canadá,2 - 0,El Salvador,206
"Sáb., 21 de Jun.",Curaçao,1 - 1,Canadá,206
"Mar., 17 de Jun.",Canadá,6 - 0,Honduras,206
"Mar., 10 de Jun.",Canadá,0 - 0Costa de Marfil ganó 5-4 en penales,Costa de Marfil,206
"Sáb., 7 de Jun.",Canadá,4 - 2,Ucrania,206
"Dom., 23 de Mar.",Canadá,2 - 1,Estados Unidos,206
"Jue., 20 de Mar.",Canadá,0 - 2,México,206
"Mar., 19 de Nov.",Canadá,3 - 0Vuelta,Suriname,206
"Vie., 15 de Nov.",Suriname,0 - 1Ida,Canadá,206
"Mar., 15 de Oct.",Canadá,2 - 1,Panamá,206
"Mar., 10 de Sep.",México,0 - 0,Canadá,206
"Sáb., 7 de Sep.",Estados Unidos,1 - 2,Canadá,206
"Sáb., 13 de Jul.",Canadá,2 - 2Uruguay ganó 4-3 en penales,Uruguay,206
"Sáb., 6 de Jun.",Panamá,1 - 1,Bosnia y Herzegovina,452
"Vie., 29 de May.",Bosnia y Herzegovina,0 - 0,North Macedonia,452
"Mar., 31 de Mar.",Bosnia y Herzegovina,1 - 1Bosnia y Herzegovina ganó 4-1 en penales,Italia,452
"Jue., 26 de Mar.",Gales,1 - 1Bosnia y Herzegovina ganó 4-2 en penales,Bosnia y Herzegovina,452
"Mar., 18 de Nov.",Austria,1 - 1,Bosnia y Herzegovina,452
"Sáb., 15 de Nov.",Bosnia y Herzegovina,3 - 1,Rumania,452
"Dom., 12 de Oct.",Malta,1 - 4,Bosnia y Herzegovina,452
"Jue., 9 de Oct.",Chipre,2 - 2,Bosnia y Herzegovina,452
"Mar., 9 de Sep.",Bosnia y Herzegovina,1 - 2,Austria,452
"Sáb., 6 de Sep.",San Marino,0 - 6,Bosnia y Herzegovina,452
"Mar., 10 de Jun.",Eslovenia,2 - 1,Bosnia y Herzegovina,452
"Sáb., 7 de Jun.",Bosnia y Herzegovina,1 - 0,San Marino,452
"Lun., 24 de Mar.",Bosnia y Herzegovina,2 - 1,Chipre,452
"Vie., 21 de Mar.",Rumania,0 - 1,Bosnia y Herzegovina,452
"Mar., 19 de Nov.",Bosnia y Herzegovina,1 - 1,Países Bajos,452
"Sáb., 16 de Nov.",Alemania,7 - 0,Bosnia y Herzegovina,452
"Lun., 14 de Oct.",Bosnia y Herzegovina,0 - 2,Hungría,452
"Vie., 11 de Oct.",Bosnia y Herzegovina,1 - 2,Alemania,452
"Mar., 10 de Sep.",Hungría,0 - 0,Bosnia y Herzegovina,452
"Sáb., 7 de Sep.",Países Bajos,5 - 2,Bosnia y Herzegovina,452
"Dom., 9 de Jun.",Italia,1 - 0,Bosnia y Herzegovina,452
"Lun., 3 de Jun.",Inglaterra,3 - 0,Bosnia y Herzegovina,452
"Jue., 21 de Mar.",Bosnia y Herzegovina,1 - 2,Ucrania,452
"Dom., 19 de Nov.",Bosnia y Herzegovina,1 - 2,Eslovaquia,452
"Jue., 16 de Nov.",Luxemburgo,4 - 1,Bosnia y Herzegovina,452
"Sáb., 6 de Jun.",Qatar,0 - 0,El Salvador,4398
"Jue., 28 de May.",Irlanda,1 - 0,Qatar,4398
"Lun., 17 de Nov.",Qatar,1 - 2,Zimbabwe,4398
"Mar., 14 de Oct.",Qatar,2 - 1,Emiratos Árabes Unidos,4398
"Mié., 8 de Oct.",Omán,0 - 0,Qatar,4398
"Dom., 7 de Sep.",Qatar,1 - 4,Rusia,4398
"Mié., 3 de Sep.",Qatar,2 - 2,Baréin,4398
"Dom., 24 de Ago.",Qatar,0 - 1,Líbano,4398
"Mar., 10 de Jun.",Uzbekistán,3 - 0,Qatar,4398
"Jue., 5 de Jun.",Qatar,1 - 0,Irán,4398
"Mar., 25 de Mar.",Kirguistán,3 - 1,Qatar,4398
"Jue., 20 de Mar.",Qatar,5 - 1,Corea del Norte,4398
"Vie., 27 de Dic.",Kuwait,1 - 1,Qatar,4398
"Mar., 24 de Dic.",Omán,2 - 1,Qatar,4398
"Sáb., 21 de Dic.",Emiratos Árabes Unidos,1 - 1,Qatar,4398
"Mar., 19 de Nov.",Emiratos Árabes Unidos,5 - 0,Qatar,4398
"Jue., 14 de Nov.",Qatar,3 - 2,Uzbekistán,4398
"Mar., 15 de Oct.",Irán,4 - 1,Qatar,4398
"Jue., 10 de Oct.",Qatar,3 - 1,Kirguistán,4398
"Mar., 10 de Sep.",Corea del Norte,2 - 2,Qatar,4398
"Jue., 5 de Sep.",Qatar,1 - 3,Emiratos Árabes Unidos,4398
"Mar., 11 de Jun.",Qatar,2 - 1,India,4398
"Jue., 6 de Jun.",Afghanistan,0 - 0,Qatar,4398
"Mar., 26 de Mar.",Kuwait,1 - 2,Qatar,4398
"Jue., 21 de Mar.",Qatar,3 - 0,Kuwait,4398
"Sáb., 6 de Jun.",Suiza,1 - 1,Australia,475
"Dom., 31 de May.",Suiza,4 - 1,Jordania,475
"Mar., 31 de Mar.",Noruega,0 - 0,Suiza,475
"Vie., 27 de Mar.",Suiza,3 - 4,Alemania,475
"Mar., 18 de Nov.",Kosovo,1 - 1,Suiza,475
"Sáb., 15 de Nov.",Suiza,4 - 1,Suecia,475
"Lun., 13 de Oct.",Eslovenia,0 - 0,Suiza,475
"Vie., 10 de Oct.",Suecia,0 - 2,Suiza,475
"Lun., 8 de Sep.",Suiza,3 - 0,Eslovenia,475
"Vie., 5 de Sep.",Suiza,4 - 0,Kosovo,475
"Mar., 10 de Jun.",Estados Unidos,0 - 4,Suiza,475
"Sáb., 7 de Jun.",México,2 - 4,Suiza,475
"Mar., 25 de Mar.",Suiza,3 - 1,Luxemburgo,475
"Vie., 21 de Mar.",Irlanda del Norte,1 - 1,Suiza,475
"Lun., 18 de Nov.",España,3 - 2,Suiza,475
"Vie., 15 de Nov.",Suiza,1 - 1,Serbia,475
"Mar., 15 de Oct.",Suiza,2 - 2,Dinamarca,475
"Sáb., 12 de Oct.",Serbia,2 - 0,Suiza,475
"Dom., 8 de Sep.",Suiza,1 - 4,España,475
"Jue., 5 de Sep.",Dinamarca,2 - 0,Suiza,475
"Sáb., 6 de Jul.",Inglaterra,1 - 1Inglaterra ganó 5-3 en penales,Suiza,475
"Sáb., 29 de Jun.",Suiza,2 - 0,Italia,475
"Dom., 23 de Jun.",Suiza,1 - 1,Alemania,475
"Mié., 19 de Jun.",Escocia,1 - 1,Suiza,475
"Sáb., 15 de Jun.",Hungría,1 - 3,Suiza,475
"Sáb., 6 de Jun.",Brasil,2 - 1,Egipto,205
"Dom., 31 de May.",Brasil,6 - 2,Panamá,205
"Mar., 31 de Mar.",Brasil,3 - 1,Croacia,205
"Jue., 26 de Mar.",Brasil,1 - 2,Francia,205
"Mar., 18 de Nov.",Brasil,1 - 1,Túnez,205
"Sáb., 15 de Nov.",Brasil,2 - 0,Senegal,205
"Mar., 14 de Oct.",Japón,3 - 2,Brasil,205
"Vie., 10 de Oct.",Corea del Sur,0 - 5,Brasil,205
"Mar., 9 de Sep.",Bolívia,1 - 0,Brasil,205
"Jue., 4 de Sep.",Brasil,3 - 0,Chile,205
"Mar., 10 de Jun.",Brasil,1 - 0,Paraguay,205
"Jue., 5 de Jun.",Ecuador,0 - 0,Brasil,205
"Mar., 25 de Mar.",Argentina,4 - 1,Brasil,205
"Jue., 20 de Mar.",Brasil,2 - 1,Colombia,205
"Mar., 19 de Nov.",Brasil,1 - 1,Uruguay,205
"Jue., 14 de Nov.",Venezuela,1 - 1,Brasil,205
"Mar., 15 de Oct.",Brasil,4 - 0,Perú,205
"Jue., 10 de Oct.",Chile,1 - 2,Brasil,205
"Mar., 10 de Sep.",Paraguay,1 - 0,Brasil,205
"Vie., 6 de Sep.",Brasil,1 - 0,Ecuador,205
"Sáb., 6 de Jul.",Uruguay,0 - 0Uruguay ganó 4-2 en penales,Brasil,205
"Mar., 2 de Jul.",Brasil,1 - 1,Colombia,205
"Vie., 28 de Jun.",Paraguay,1 - 4,Brasil,205
"Lun., 24 de Jun.",Brasil,0 - 0,Costa Rica,205
"Mié., 12 de Jun.",Estados Unidos,1 - 1,Brasil,205
"Dom., 7 de Jun.",Marruecos,1 - 1,Noruega,2869
"Mar., 2 de Jun.",Marruecos,4 - 0,Madagascar,2869
"Mar., 26 de May.",Marruecos,5 - 0,Burundi,2869
"Mar., 31 de Mar.",Marruecos,2 - 1,Paraguay,2869
"Vie., 27 de Mar.",Marruecos,1 - 1,Ecuador,2869
"Dom., 18 de Ene.",Senegal,0 - 3,Marruecos,2869
"Mié., 14 de Ene.",Nigeria,0 - 0Marruecos ganó 4-2 en penales,Marruecos,2869
"Vie., 9 de Ene.",Camerún,0 - 2,Marruecos,2869
"Dom., 4 de Ene.",Marruecos,1 - 0,Tanzania,2869
"Lun., 29 de Dic.",Zambia,0 - 3,Marruecos,2869
"Vie., 26 de Dic.",Marruecos,1 - 1,Mali,2869
"Dom., 21 de Dic.",Marruecos,2 - 0,Comoros,2869
"Mar., 18 de Nov.",Marruecos,4 - 0,Uganda,2869
"Vie., 14 de Nov.",Marruecos,1 - 0,Mozambique,2869
"Mar., 14 de Oct.",Marruecos,1 - 0,Congo,2869
"Jue., 9 de Oct.",Marruecos,1 - 0,Baréin,2869
"Lun., 8 de Sep.",Zambia,0 - 2,Marruecos,2869
"Vie., 5 de Sep.",Marruecos,5 - 0,Niger,2869
"Sáb., 30 de Ago.",Marruecos,3 - 2,Madagascar,2869
"Mar., 26 de Ago.",Senegal,1 - 1Marruecos ganó 5-3 en penales,Marruecos,2869
"Vie., 22 de Ago.",Tanzania,0 - 1,Marruecos,2869
"Dom., 17 de Ago.",República Democrática del Congo,1 - 3,Marruecos,2869
"Jue., 14 de Ago.",Marruecos,3 - 1,Zambia,2869
"Dom., 10 de Ago.",Kenya,1 - 0,Marruecos,2869
"Dom., 3 de Ago.",Marruecos,2 - 0,Angola,2869
"Vie., 5 de Jun.",Haití,1 - 2,Perú,2654
"Mar., 2 de Jun.",Haití,4 - 0,Nueva Zelanda,2654
"Mar., 31 de Mar.",Haití,1 - 1,Islandia,2654
"Sáb., 28 de Mar.",Haití,0 - 1,Túnez,2654
"Mar., 18 de Nov.",Haití,2 - 0,Nicaragua,2654
"Jue., 13 de Nov.",Haití,1 - 0,Costa Rica,2654
"Lun., 13 de Oct.",Honduras,3 - 0,Haití,2654
"Jue., 9 de Oct.",Nicaragua,0 - 3,Haití,2654
"Mar., 9 de Sep.",Costa Rica,3 - 3,Haití,2654
"Vie., 5 de Sep.",Haití,0 - 0,Honduras,2654
"Dom., 22 de Jun.",Estados Unidos,2 - 1,Haití,2654
"Jue., 19 de Jun.",Trinidad y Tobago,1 - 1,Haití,2654
"Dom., 15 de Jun.",Haití,0 - 1,Arabia Saudita,2654
"Mar., 10 de Jun.",Haití,1 - 5,Curaçao,2654
"Sáb., 7 de Jun.",Aruba,0 - 5,Haití,2654
"Sáb., 22 de Mar.",Azerbaiyán,0 - 3,Haití,2654
"Lun., 18 de Nov.",Haití,3 - 0,Puerto Rico,2654
"Vie., 15 de Nov.",Sint Maarten,0 - 8,Haití,2654
"Lun., 14 de Oct.",Haití,5 - 3,Aruba,2654
"Vie., 11 de Oct.",Aruba,1 - 3,Haití,2654
"Lun., 9 de Sep.",Haití,6 - 0,Sint Maarten,2654
"Vie., 6 de Sep.",Puerto Rico,1 - 4,Haití,2654
"Dom., 9 de Jun.",Barbados,1 - 3,Haití,2654
"Jue., 6 de Jun.",Haití,2 - 1,St. Lucia,2654
"Sáb., 23 de Mar.",French Guiana,1 - 1,Haití,2654
"Sáb., 6 de Jun.",Bolívia,0 - 4,Escocia,580
"Sáb., 30 de May.",Escocia,4 - 1,Curaçao,580
"Mar., 31 de Mar.",Costa de Marfil,1 - 0,Escocia,580
"Sáb., 28 de Mar.",Escocia,0 - 1,Japón,580
"Mar., 18 de Nov.",Escocia,4 - 2,Dinamarca,580
"Sáb., 15 de Nov.",Grecia,3 - 2,Escocia,580
"Dom., 12 de Oct.",Escocia,2 - 1,Bielorrusia,580
"Jue., 9 de Oct.",Escocia,3 - 1,Grecia,580
"Lun., 8 de Sep.",Bielorrusia,0 - 2,Escocia,580
"Vie., 5 de Sep.",Dinamarca,0 - 0,Escocia,580
"Lun., 9 de Jun.",Liechtenstein,0 - 4,Escocia,580
"Vie., 6 de Jun.",Escocia,1 - 3,Islandia,580
"Dom., 23 de Mar.",Escocia,0 - 3Vuelta · Grecia gana 3-1 en marcador global,Grecia,580
"Jue., 20 de Mar.",Grecia,0 - 1Ida,Escocia,580
"Lun., 18 de Nov.",Polonia,1 - 2,Escocia,580
"Vie., 15 de Nov.",Escocia,1 - 0,Croacia,580
"Mar., 15 de Oct.",Escocia,0 - 0,Portugal,580
"Sáb., 12 de Oct.",Croacia,2 - 1,Escocia,580
"Dom., 8 de Sep.",Portugal,2 - 1,Escocia,580
"Jue., 5 de Sep.",Escocia,2 - 3,Polonia,580
"Dom., 23 de Jun.",Escocia,0 - 1,Hungría,580
"Mié., 19 de Jun.",Escocia,1 - 1,Suiza,580
"Vie., 14 de Jun.",Alemania,5 - 1,Escocia,580
"Vie., 7 de Jun.",Escocia,2 - 2,Finlandia,580
"Lun., 3 de Jun.",Gibraltar,0 - 2,Escocia,580
"Vie., 5 de Jun.",Paraguay,4 - 0,Nicaragua,210
"Mar., 31 de Mar.",Marruecos,2 - 1,Paraguay,210
"Vie., 27 de Mar.",Grecia,0 - 1,Paraguay,210
"Mar., 18 de Nov.",México,1 - 2,Paraguay,210
"Sáb., 15 de Nov.",Estados Unidos,2 - 1,Paraguay,210
"Mar., 14 de Oct.",Corea del Sur,2 - 0,Paraguay,210
"Vie., 10 de Oct.",Japón,2 - 2,Paraguay,210
"Mar., 9 de Sep.",Perú,0 - 1,Paraguay,210
"Jue., 4 de Sep.",Paraguay,0 - 0,Ecuador,210
"Mar., 10 de Jun.",Brasil,1 - 0,Paraguay,210
"Jue., 5 de Jun.",Paraguay,2 - 0,Uruguay,210
"Mar., 25 de Mar.",Colombia,2 - 2,Paraguay,210
"Jue., 20 de Mar.",Paraguay,1 - 0,Chile,210
"Mar., 19 de Nov.",Bolívia,2 - 2,Paraguay,210
"Jue., 14 de Nov.",Paraguay,2 - 1,Argentina,210
"Mar., 15 de Oct.",Paraguay,2 - 1,Venezuela,210
"Jue., 10 de Oct.",Ecuador,0 - 0,Paraguay,210
"Mar., 10 de Sep.",Paraguay,1 - 0,Brasil,210
"Vie., 6 de Sep.",Uruguay,0 - 0,Paraguay,210
"Mar., 2 de Jul.",Costa Rica,2 - 1,Paraguay,210
"Vie., 28 de Jun.",Paraguay,1 - 4,Brasil,210
"Lun., 24 de Jun.",Colombia,2 - 1,Paraguay,210
"Dom., 16 de Jun.",Panamá,0 - 1,Paraguay,210
"Mar., 11 de Jun.",Chile,3 - 0,Paraguay,210
"Vie., 7 de Jun.",Perú,0 - 0,Paraguay,210
"Sáb., 6 de Jun.",Suiza,1 - 1,Australia,628
"Sáb., 30 de May.",México,1 - 0,Australia,628
"Mar., 31 de Mar.",Australia,5 - 1,Curaçao,628
"Vie., 27 de Mar.",Australia,1 - 0,Camerún,628
"Mar., 18 de Nov.",Colombia,3 - 0,Australia,628
"Vie., 14 de Nov.",Venezuela,1 - 0,Australia,628
"Mar., 14 de Oct.",Estados Unidos,2 - 1,Australia,628
"Vie., 10 de Oct.",Canadá,0 - 1,Australia,628
"Mar., 9 de Sep.",Nueva Zelanda,1 - 3,Australia,628
"Vie., 5 de Sep.",Australia,1 - 0,Nueva Zelanda,628
"Mar., 10 de Jun.",Arabia Saudita,1 - 2,Australia,628
"Jue., 5 de Jun.",Australia,1 - 0,Japón,628
"Mar., 25 de Mar.",China,0 - 2,Australia,628
"Jue., 20 de Mar.",Australia,5 - 1,Indonesia,628
"Mar., 19 de Nov.",Baréin,2 - 2,Australia,628
"Jue., 14 de Nov.",Australia,0 - 0,Arabia Saudita,628
"Mar., 15 de Oct.",Japón,1 - 1,Australia,628
"Jue., 10 de Oct.",Australia,3 - 1,China,628
"Mar., 10 de Sep.",Indonesia,0 - 0,Australia,628
"Jue., 5 de Sep.",Australia,0 - 1,Baréin,628
"Mar., 11 de Jun.",Australia,5 - 0,Palestina,628
"Jue., 6 de Jun.",Bangladesh,0 - 2,Australia,628
"Mar., 26 de Mar.",Líbano,0 - 5,Australia,628
"Jue., 21 de Mar.",Australia,2 - 0,Líbano,628
"Vie., 2 de Feb.",Australia,1 - 2,Corea del Sur,628
"Sáb., 6 de Jun.",Venezuela,1 - 2,Turquía,465
"Lun., 1 de Jun.",Turquía,4 - 0,North Macedonia,465
"Mar., 31 de Mar.",Kosovo,0 - 1,Turquía,465
"Jue., 26 de Mar.",Turquía,1 - 0,Rumania,465
"Mar., 18 de Nov.",España,2 - 2,Turquía,465
"Sáb., 15 de Nov.",Turquía,2 - 0,Bulgaria,465
"Mar., 14 de Oct.",Turquía,4 - 1,Georgia,465
"Sáb., 11 de Oct.",Bulgaria,1 - 6,Turquía,465
"Dom., 7 de Sep.",Turquía,0 - 6,España,465
"Jue., 4 de Sep.",Georgia,2 - 3,Turquía,465
"Mar., 10 de Jun.",México,1 - 0,Turquía,465
"Sáb., 7 de Jun.",Estados Unidos,1 - 2,Turquía,465
"Dom., 23 de Mar.",Hungría,0 - 3Vuelta · Turquía gana 6-1 en marcador global,Turquía,465
"Jue., 20 de Mar.",Turquía,3 - 1Ida,Hungría,465
"Mar., 19 de Nov.",Montenegro,3 - 1,Turquía,465
"Sáb., 16 de Nov.",Turquía,0 - 0,Gales,465
"Lun., 14 de Oct.",Islandia,2 - 4,Turquía,465
"Vie., 11 de Oct.",Turquía,1 - 0,Montenegro,465
"Lun., 9 de Sep.",Turquía,3 - 1,Islandia,465
"Vie., 6 de Sep.",Gales,0 - 0,Turquía,465
"Sáb., 6 de Jul.",Países Bajos,2 - 1,Turquía,465
"Mar., 2 de Jul.",Austria,1 - 2,Turquía,465
"Mié., 26 de Jun.",Chequia,1 - 2,Turquía,465
"Sáb., 22 de Jun.",Turquía,0 - 3,Portugal,465
"Mar., 18 de Jun.",Turquía,3 - 1,Georgia,465
"Sáb., 6 de Jun.",Estados Unidos,1 - 2,Alemania,481
"Dom., 31 de May.",Alemania,4 - 0,Finlandia,481
"Lun., 30 de Mar.",Alemania,2 - 1,Ghana,481
"Vie., 27 de Mar.",Suiza,3 - 4,Alemania,481
"Lun., 17 de Nov.",Alemania,6 - 0,Eslovaquia,481
"Vie., 14 de Nov.",Luxemburgo,0 - 2,Alemania,481
"Lun., 13 de Oct.",Irlanda del Norte,0 - 1,Alemania,481
"Vie., 10 de Oct.",Alemania,4 - 0,Luxemburgo,481
"Dom., 7 de Sep.",Alemania,3 - 1,Irlanda del Norte,481
"Jue., 4 de Sep.",Eslovaquia,2 - 0,Alemania,481
"Dom., 8 de Jun.",Alemania,0 - 2,Francia,481
"Mié., 4 de Jun.",Alemania,1 - 2,Portugal,481
"Dom., 23 de Mar.",Alemania,3 - 3Vuelta · Alemania gana 5-4 en marcador global,Italia,481
"Jue., 20 de Mar.",Italia,1 - 2Ida,Alemania,481
"Mar., 19 de Nov.",Hungría,1 - 1,Alemania,481
"Sáb., 16 de Nov.",Alemania,7 - 0,Bosnia y Herzegovina,481
"Lun., 14 de Oct.",Alemania,1 - 0,Países Bajos,481
"Vie., 11 de Oct.",Bosnia y Herzegovina,1 - 2,Alemania,481
"Mar., 10 de Sep.",Países Bajos,2 - 2,Alemania,481
"Sáb., 7 de Sep.",Alemania,5 - 0,Hungría,481
"Vie., 5 de Jul.",España,2 - 1,Alemania,481
"Sáb., 29 de Jun.",Alemania,2 - 0,Dinamarca,481
"Dom., 23 de Jun.",Suiza,1 - 1,Alemania,481
"Mié., 19 de Jun.",Alemania,2 - 0,Hungría,481
"Vie., 14 de Jun.",Alemania,5 - 1,Escocia,481
"Sáb., 6 de Jun.",Curaçao,4 - 0,Aruba,11678
"Sáb., 30 de May.",Escocia,4 - 1,Curaçao,11678
"Mar., 31 de Mar.",Australia,5 - 1,Curaçao,11678
"Vie., 27 de Mar.",China,2 - 0,Curaçao,11678
"Jue., 4 de Jun.",Francia,1 - 2,Costa de Marfil,4789
"Mar., 31 de Mar.",Costa de Marfil,1 - 0,Escocia,4789
"Sáb., 28 de Mar.",Corea del Sur,0 - 4,Costa de Marfil,4789
"Sáb., 10 de Ene.",Egipto,3 - 2,Costa de Marfil,4789
"Mar., 6 de Ene.",Costa de Marfil,3 - 0,Burkina Faso,4789
"Mié., 31 de Dic.",Gabon,2 - 3,Costa de Marfil,4789
"Dom., 28 de Dic.",Costa de Marfil,1 - 1,Camerún,4789
"Mié., 24 de Dic.",Costa de Marfil,1 - 0,Mozambique,4789
"Mar., 18 de Nov.",Omán,0 - 2,Costa de Marfil,4789
"Vie., 14 de Nov.",Arabia Saudita,1 - 0,Costa de Marfil,4789
"Mar., 14 de Oct.",Costa de Marfil,3 - 0,Kenya,4789
"Vie., 10 de Oct.",Seychelles,0 - 7,Costa de Marfil,4789
"Mar., 9 de Sep.",Gabon,0 - 0,Costa de Marfil,4789
"Vie., 5 de Sep.",Costa de Marfil,1 - 0,Burundi,4789
"Mar., 10 de Jun.",Canadá,0 - 0Costa de Marfil ganó 5-4 en penales,Costa de Marfil,4789
"Sáb., 7 de Jun.",Costa de Marfil,0 - 1,Nueva Zelanda,4789
"Lun., 24 de Mar.",Costa de Marfil,1 - 0,Gambia,4789
"Vie., 21 de Mar.",Burundi,0 - 1,Costa de Marfil,4789
"Sáb., 28 de Dic.",Burkina Faso,2 - 0Vuelta · Empate 2-2 en marcador global · Burkina Faso ganó 4-2 en penales,Costa de Marfil,4789
"Dom., 22 de Dic.",Costa de Marfil,2 - 0Ida,Burkina Faso,4789
"Dom., 15 de Dic.",Costa de Marfil,4 - 1,Guinea,4789
"Mar., 19 de Nov.",Costa de Marfil,4 - 0,Chad,4789
"Vie., 15 de Nov.",Zambia,1 - 0,Costa de Marfil,4789
"Mar., 15 de Oct.",Sierra Leone,1 - 0,Costa de Marfil,4789
"Vie., 11 de Oct.",Costa de Marfil,4 - 1,Sierra Leone,4789
"Dom., 7 de Jun.",Ecuador,3 - 0,Guatemala,209
"Sáb., 30 de May.",Ecuador,2 - 1,Arabia Saudita,209
"Mar., 31 de Mar.",Países Bajos,1 - 1,Ecuador,209
"Vie., 27 de Mar.",Marruecos,1 - 1,Ecuador,209
"Mar., 18 de Nov.",Ecuador,2 - 0,Nueva Zelanda,209
"Jue., 13 de Nov.",Canadá,0 - 0,Ecuador,209
"Mar., 14 de Oct.",México,1 - 1,Ecuador,209
"Vie., 10 de Oct.",Estados Unidos,1 - 1,Ecuador,209
"Mar., 9 de Sep.",Ecuador,1 - 0,Argentina,209
"Jue., 4 de Sep.",Paraguay,0 - 0,Ecuador,209
"Mar., 10 de Jun.",Perú,0 - 0,Ecuador,209
"Jue., 5 de Jun.",Ecuador,0 - 0,Brasil,209
"Mar., 25 de Mar.",Chile,0 - 0,Ecuador,209
"Vie., 21 de Mar.",Ecuador,2 - 1,Venezuela,209
"Mar., 19 de Nov.",Colombia,0 - 1,Ecuador,209
"Jue., 14 de Nov.",Ecuador,4 - 0,Bolívia,209
"Mar., 15 de Oct.",Uruguay,0 - 0,Ecuador,209
"Jue., 10 de Oct.",Ecuador,0 - 0,Paraguay,209
"Mar., 10 de Sep.",Ecuador,1 - 0,Perú,209
"Vie., 6 de Sep.",Brasil,1 - 0,Ecuador,209
"Jue., 4 de Jul.",Argentina,1 - 1Argentina ganó 4-2 en penales,Ecuador,209
"Dom., 30 de Jun.",México,0 - 0,Ecuador,209
"Mié., 26 de Jun.",Ecuador,3 - 1,Jamaica,209
"Sáb., 22 de Jun.",Ecuador,1 - 2,Venezuela,209
"Dom., 16 de Jun.",Ecuador,2 - 1,Honduras,209
"Lun., 8 de Jun.",Países Bajos,2 - 1,Uzbekistán,449
"Mié., 3 de Jun.",Países Bajos,0 - 1,Argelia,449
"Mar., 31 de Mar.",Países Bajos,1 - 1,Ecuador,449
"Vie., 27 de Mar.",Países Bajos,2 - 1,Noruega,449
"Lun., 17 de Nov.",Países Bajos,4 - 0,Lituania,449
"Vie., 14 de Nov.",Polonia,1 - 1,Países Bajos,449
"Dom., 12 de Oct.",Países Bajos,4 - 0,Finlandia,449
"Jue., 9 de Oct.",Malta,0 - 4,Países Bajos,449
"Dom., 7 de Sep.",Lituania,2 - 3,Países Bajos,449
"Jue., 4 de Sep.",Países Bajos,1 - 1,Polonia,449
"Mar., 10 de Jun.",Países Bajos,8 - 0,Malta,449
"Sáb., 7 de Jun.",Finlandia,0 - 2,Países Bajos,449
"Dom., 23 de Mar.",España,3 - 3Vuelta · Empate 5-5 en marcador global · España ganó 5-4 en penales,Países Bajos,449
"Jue., 20 de Mar.",Países Bajos,2 - 2Ida,España,449
"Mar., 19 de Nov.",Bosnia y Herzegovina,1 - 1,Países Bajos,449
"Sáb., 16 de Nov.",Países Bajos,4 - 0,Hungría,449
"Lun., 14 de Oct.",Alemania,1 - 0,Países Bajos,449
"Vie., 11 de Oct.",Hungría,1 - 1,Países Bajos,449
"Mar., 10 de Sep.",Países Bajos,2 - 2,Alemania,449
"Sáb., 7 de Sep.",Países Bajos,5 - 2,Bosnia y Herzegovina,449
"Mié., 10 de Jul.",Países Bajos,1 - 2,Inglaterra,449
"Sáb., 6 de Jul.",Países Bajos,2 - 1,Turquía,449
"Mar., 2 de Jul.",Rumania,0 - 3,Países Bajos,449
"Mar., 25 de Jun.",Países Bajos,2 - 3,Austria,449
"Vie., 21 de Jun.",Países Bajos,0 - 0,Francia,449
"Dom., 31 de May.",Japón,1 - 0,Islandia,627
"Mar., 31 de Mar.",Inglaterra,0 - 1,Japón,627
"Sáb., 28 de Mar.",Escocia,0 - 1,Japón,627
"Mar., 18 de Nov.",Japón,3 - 0,Bolívia,627
"Vie., 14 de Nov.",Japón,2 - 0,Ghana,627
"Mar., 14 de Oct.",Japón,3 - 2,Brasil,627
"Vie., 10 de Oct.",Japón,2 - 2,Paraguay,627
"Mar., 9 de Sep.",Estados Unidos,2 - 0,Japón,627
"Sáb., 6 de Sep.",México,0 - 0,Japón,627
"Mar., 10 de Jun.",Japón,6 - 0,Indonesia,627
"Jue., 5 de Jun.",Australia,1 - 0,Japón,627
"Mar., 25 de Mar.",Japón,0 - 0,Arabia Saudita,627
"Jue., 20 de Mar.",Japón,2 - 0,Baréin,627
"Mar., 19 de Nov.",China,1 - 3,Japón,627
"Vie., 15 de Nov.",Indonesia,0 - 4,Japón,627
"Mar., 15 de Oct.",Japón,1 - 1,Australia,627
"Jue., 10 de Oct.",Arabia Saudita,0 - 2,Japón,627
"Mar., 10 de Sep.",Baréin,0 - 5,Japón,627
"Jue., 5 de Sep.",Japón,7 - 0,China,627
"Mar., 11 de Jun.",Japón,5 - 0,Siria,627
"Jue., 6 de Jun.",Birmania,0 - 5,Japón,627
"Mar., 26 de Mar.",Corea del Norte,0 - 3,Japón,627
"Jue., 21 de Mar.",Japón,1 - 0,Corea del Norte,627
"Sáb., 3 de Feb.",Irán,2 - 1,Japón,627
"Mié., 31 de Ene.",Baréin,1 - 3,Japón,627
"Jue., 4 de Jun.",Suecia,2 - 2,Grecia,466
"Lun., 1 de Jun.",Noruega,3 - 1,Suecia,466
"Mar., 31 de Mar.",Suecia,3 - 2,Polonia,466
"Jue., 26 de Mar.",Ucrania,1 - 3,Suecia,466
"Mar., 18 de Nov.",Suecia,1 - 1,Eslovenia,466
"Sáb., 15 de Nov.",Suiza,4 - 1,Suecia,466
"Lun., 13 de Oct.",Suecia,0 - 1,Kosovo,466
"Vie., 10 de Oct.",Suecia,0 - 2,Suiza,466
"Lun., 8 de Sep.",Kosovo,2 - 0,Suecia,466
"Vie., 5 de Sep.",Eslovenia,2 - 2,Suecia,466
"Mar., 10 de Jun.",Suecia,4 - 3,Argelia,466
"Vie., 6 de Jun.",Hungría,0 - 2,Suecia,466
"Mar., 25 de Mar.",Suecia,5 - 1,Irlanda del Norte,466
"Sáb., 22 de Mar.",Luxemburgo,1 - 0,Suecia,466
"Mar., 19 de Nov.",Suecia,6 - 0,Azerbaiyán,466
"Sáb., 16 de Nov.",Suecia,2 - 1,Eslovaquia,466
"Lun., 14 de Oct.",Estonia,0 - 3,Suecia,466
"Vie., 11 de Oct.",Eslovaquia,2 - 2,Suecia,466
"Dom., 8 de Sep.",Suecia,3 - 0,Estonia,466
"Jue., 5 de Sep.",Azerbaiyán,1 - 3,Suecia,466
"Sáb., 8 de Jun.",Suecia,0 - 3,Serbia,466
"Mié., 5 de Jun.",Dinamarca,2 - 1,Suecia,466
"Lun., 25 de Mar.",Suecia,1 - 0,Albania,466
"Jue., 21 de Mar.",Portugal,5 - 2,Suecia,466
"Vie., 12 de Ene.",Suecia,2 - 1,Estonia,466
"Sáb., 6 de Jun.",Bélgica,5 - 0,Túnez,659
"Lun., 1 de Jun.",Austria,1 - 0,Túnez,659
"Mar., 31 de Mar.",Canadá,0 - 0,Túnez,659
"Sáb., 28 de Mar.",Haití,0 - 1,Túnez,659
"Sáb., 3 de Ene.",Mali,1 - 1Mali ganó 3-2 en penales,Túnez,659
"Mar., 30 de Dic.",Tanzania,1 - 1,Túnez,659
"Sáb., 27 de Dic.",Nigeria,3 - 2,Túnez,659
"Mar., 23 de Dic.",Túnez,3 - 1,Uganda,659
"Jue., 18 de Dic.",Túnez,2 - 1,Botswana,659
"Mar., 18 de Nov.",Brasil,1 - 1,Túnez,659
"Vie., 14 de Nov.",Túnez,3 - 2,Jordania,659
"Mié., 12 de Nov.",Túnez,1 - 1,Mauritania,659
"Lun., 13 de Oct.",Túnez,3 - 0,Namibia,659
"Vie., 10 de Oct.",Sao Tome and Principe,0 - 6,Túnez,659
"Lun., 8 de Sep.",Equatorial Guinea,0 - 1,Túnez,659
"Jue., 4 de Sep.",Túnez,3 - 0,Liberia,659
"Vie., 6 de Jun.",Marruecos,2 - 0,Túnez,659
"Lun., 2 de Jun.",Túnez,2 - 0,Burkina Faso,659
"Lun., 24 de Mar.",Túnez,2 - 0,Malawi,659
"Mié., 19 de Mar.",Liberia,0 - 1,Túnez,659
"Lun., 18 de Nov.",Túnez,0 - 1,Gambia,659
"Jue., 14 de Nov.",Madagascar,2 - 3,Túnez,659
"Mar., 15 de Oct.",Comoros,1 - 1,Túnez,659
"Vie., 11 de Oct.",Túnez,0 - 1,Comoros,659
"Dom., 8 de Sep.",Gambia,1 - 2,Túnez,659
"Sáb., 6 de Jun.",Bélgica,5 - 0,Túnez,459
"Mar., 2 de Jun.",Croacia,0 - 2,Bélgica,459
"Mar., 31 de Mar.",México,1 - 1,Bélgica,459
"Sáb., 28 de Mar.",Estados Unidos,2 - 5,Bélgica,459
"Mar., 18 de Nov.",Bélgica,7 - 0,Liechtenstein,459
"Sáb., 15 de Nov.",Kazajistán,1 - 1,Bélgica,459
"Lun., 13 de Oct.",Gales,2 - 4,Bélgica,459
"Vie., 10 de Oct.",Bélgica,0 - 0,North Macedonia,459
"Dom., 7 de Sep.",Bélgica,6 - 0,Kazajistán,459
"Jue., 4 de Sep.",Liechtenstein,0 - 6,Bélgica,459
"Lun., 9 de Jun.",Bélgica,4 - 3,Gales,459
"Vie., 6 de Jun.",North Macedonia,1 - 1,Bélgica,459
"Dom., 23 de Mar.",Bélgica,3 - 0Vuelta · Bélgica gana 4-3 en marcador global,Ucrania,459
"Jue., 20 de Mar.",Ucrania,3 - 1Ida,Bélgica,459
"Dom., 17 de Nov.",Israel,1 - 0,Bélgica,459
"Jue., 14 de Nov.",Bélgica,0 - 1,Italia,459
"Lun., 14 de Oct.",Bélgica,1 - 2,Francia,459
"Jue., 10 de Oct.",Italia,2 - 2,Bélgica,459
"Lun., 9 de Sep.",Francia,2 - 0,Bélgica,459
"Vie., 6 de Sep.",Bélgica,3 - 1,Israel,459
"Lun., 1 de Jul.",Francia,1 - 0,Bélgica,459
"Mié., 26 de Jun.",Ucrania,0 - 0,Bélgica,459
"Sáb., 22 de Jun.",Bélgica,2 - 0,Rumania,459
"Lun., 17 de Jun.",Bélgica,0 - 1,Eslovaquia,459
"Sáb., 8 de Jun.",Bélgica,3 - 0,Luxemburgo,459
"Sáb., 6 de Jun.",Brasil,2 - 1,Egipto,2620
"Jue., 28 de May.",Egipto,1 - 0,Rusia,2620
"Mar., 31 de Mar.",España,0 - 0,Egipto,2620
"Vie., 27 de Mar.",Arabia Saudita,0 - 4,Egipto,2620
"Sáb., 17 de Ene.",Egipto,0 - 0Nigeria ganó 4-2 en penales,Nigeria,2620
"Mié., 14 de Ene.",Senegal,1 - 0,Egipto,2620
"Sáb., 10 de Ene.",Egipto,3 - 2,Costa de Marfil,2620
"Lun., 5 de Ene.",Egipto,3 - 1,Benin,2620
"Lun., 29 de Dic.",Angola,0 - 0,Egipto,2620
"Vie., 26 de Dic.",Egipto,1 - 0,Sudáfrica,2620
"Lun., 22 de Dic.",Egipto,2 - 1,Zimbabwe,2620
"Mar., 16 de Dic.",Egipto,2 - 1,Nigeria,2620
"Lun., 17 de Nov.",Egipto,1 - 1,Cabo Verde,2620
"Vie., 14 de Nov.",Egipto,0 - 2,Uzbekistán,2620
"Dom., 12 de Oct.",Egipto,1 - 0,Guinea-Bissau,2620
"Mié., 8 de Oct.",Djibouti,0 - 3,Egipto,2620
"Mar., 9 de Sep.",Burkina Faso,0 - 0,Egipto,2620
"Vie., 5 de Sep.",Egipto,2 - 0,Ethiopia,2620
"Mar., 25 de Mar.",Egipto,1 - 0,Sierra Leone,2620
"Vie., 21 de Mar.",Ethiopia,0 - 2,Egipto,2620
"Dom., 9 de Mar.",Egipto,1 - 3Vuelta · Sudáfrica gana 4-2 en marcador global,Sudáfrica,2620
"Dom., 2 de Mar.",Sudáfrica,1 - 1Ida,Egipto,2620
"Mar., 19 de Nov.",Egipto,1 - 1,Botswana,2620
"Vie., 15 de Nov.",Cabo Verde,1 - 1,Egipto,2620
"Mar., 15 de Oct.",Mauritania,0 - 1,Egipto,2620
"Jue., 4 de Jun.",Irán,2 - 0,Mali,469
"Vie., 29 de May.",Irán,0 - 0,Gambia,469
"Mar., 31 de Mar.",Irán,5 - 0,Costa Rica,469
"Vie., 27 de Mar.",Irán,1 - 2,Nigeria,469
"Mar., 18 de Nov.",Uzbekistán,0 - 0Uzbekistán ganó 4-3 en penales,Irán,469
"Jue., 13 de Nov.",Irán,0 - 0Irán ganó 5-4 en penales,Cabo Verde,469
"Mar., 14 de Oct.",Irán,2 - 0,Tanzania,469
"Vie., 10 de Oct.",Rusia,2 - 1,Irán,469
"Mar., 10 de Jun.",Irán,3 - 0,Corea del Norte,469
"Jue., 5 de Jun.",Qatar,1 - 0,Irán,469
"Mar., 25 de Mar.",Irán,2 - 2,Uzbekistán,469
"Jue., 20 de Mar.",Irán,2 - 0,Emiratos Árabes Unidos,469
"Mar., 19 de Nov.",Kirguistán,2 - 3,Irán,469
"Jue., 14 de Nov.",Corea del Norte,2 - 3,Irán,469
"Mar., 15 de Oct.",Irán,4 - 1,Qatar,469
"Jue., 10 de Oct.",Uzbekistán,0 - 0,Irán,469
"Mar., 10 de Sep.",Emiratos Árabes Unidos,0 - 1,Irán,469
"Jue., 5 de Sep.",Irán,1 - 0,Kirguistán,469
"Mar., 11 de Jun.",Irán,0 - 0,Uzbekistán,469
"Jue., 6 de Jun.",Hong Kong,2 - 4,Irán,469
"Mar., 26 de Mar.",Turkmenistán,0 - 1,Irán,469
"Jue., 21 de Mar.",Irán,5 - 0,Turkmenistán,469
"Mié., 7 de Feb.",Irán,2 - 3,Qatar,469
"Sáb., 3 de Feb.",Irán,2 - 1,Japón,469
"Mié., 31 de Ene.",Irán,1 - 1Irán ganó 5-3 en penales,Siria,469
"Sáb., 6 de Jun.",Inglaterra,1 - 0,Nueva Zelanda,2666
"Mar., 2 de Jun.",Haití,4 - 0,Nueva Zelanda,2666
"Lun., 30 de Mar.",Nueva Zelanda,4 - 1,Chile,2666
"Vie., 27 de Mar.",Nueva Zelanda,0 - 2,Finlandia,2666
"Mar., 18 de Nov.",Ecuador,2 - 0,Nueva Zelanda,2666
"Sáb., 15 de Nov.",Colombia,2 - 1,Nueva Zelanda,2666
"Mar., 14 de Oct.",Noruega,1 - 1,Nueva Zelanda,2666
"Jue., 9 de Oct.",Polonia,1 - 0,Nueva Zelanda,2666
"Mar., 9 de Sep.",Nueva Zelanda,1 - 3,Australia,2666
"Vie., 5 de Sep.",Australia,1 - 0,Nueva Zelanda,2666
"Mar., 10 de Jun.",Nueva Zelanda,1 - 2,Ucrania,2666
"Sáb., 7 de Jun.",Costa de Marfil,0 - 1,Nueva Zelanda,2666
"Lun., 24 de Mar.",Nueva Caledonia,0 - 3,Nueva Zelanda,2666
"Vie., 21 de Mar.",Nueva Zelanda,7 - 0,Fiji,2666
"Lun., 18 de Nov.",Samoa,0 - 8,Nueva Zelanda,2666
"Vie., 15 de Nov.",Nueva Zelanda,8 - 1,Vanuatu,2666
"Lun., 14 de Oct.",Nueva Zelanda,4 - 0,Malasia,2666
"Jue., 10 de Oct.",Nueva Zelanda,3 - 0,Tahiti,2666
"Mar., 10 de Sep.",Estados Unidos,1 - 1,Nueva Zelanda,2666
"Sáb., 7 de Sep.",México,3 - 0,Nueva Zelanda,2666
"Mar., 26 de Mar.",Nueva Zelanda,0 - 0Túnez ganó 4-2 en penales,Túnez,2666
"Vie., 22 de Mar.",Egipto,1 - 0,Nueva Zelanda,2666
"Mar., 21 de Nov.",Irlanda,1 - 1,Nueva Zelanda,2666
"Vie., 17 de Nov.",Grecia,2 - 0,Nueva Zelanda,2666
"Mar., 17 de Oct.",Australia,2 - 0,Nueva Zelanda,2666
"Lun., 8 de Jun.",Perú,1 - 3,España,164
"Jue., 4 de Jun.",España,1 - 1,Irak,164
"Mar., 31 de Mar.",España,0 - 0,Egipto,164
"Vie., 27 de Mar.",España,3 - 0,Serbia,164
"Mar., 18 de Nov.",España,2 - 2,Turquía,164
"Sáb., 15 de Nov.",Georgia,0 - 4,España,164
"Mar., 14 de Oct.",España,4 - 0,Bulgaria,164
"Sáb., 11 de Oct.",España,2 - 0,Georgia,164
"Dom., 7 de Sep.",Turquía,0 - 6,España,164
"Jue., 4 de Sep.",Bulgaria,0 - 3,España,164
"Dom., 8 de Jun.",Portugal,2 - 2Portugal ganó 5-3 en penales,España,164
"Jue., 5 de Jun.",España,5 - 4,Francia,164
"Dom., 23 de Mar.",España,3 - 3Vuelta · Empate 5-5 en marcador global · España ganó 5-4 en penales,Países Bajos,164
"Jue., 20 de Mar.",Países Bajos,2 - 2Ida,España,164
"Lun., 18 de Nov.",España,3 - 2,Suiza,164
"Vie., 15 de Nov.",Dinamarca,1 - 2,España,164
"Mar., 15 de Oct.",España,3 - 0,Serbia,164
"Sáb., 12 de Oct.",España,1 - 0,Dinamarca,164
"Dom., 8 de Sep.",Suiza,1 - 4,España,164
"Jue., 5 de Sep.",Serbia,0 - 0,España,164
"Dom., 14 de Jul.",España,2 - 1,Inglaterra,164
"Mar., 9 de Jul.",España,2 - 1,Francia,164
"Vie., 5 de Jul.",España,2 - 1,Alemania,164
"Dom., 30 de Jun.",España,4 - 1,Georgia,164
"Lun., 24 de Jun.",Albania,0 - 1,España,164
"Dom., 31 de May.",Cabo Verde,3 - 0,Serbia,2597
"Dom., 29 de Mar.",Cabo Verde,1 - 1Cabo Verde ganó 4-2 en penales,Finlandia,2597
"Jue., 26 de Mar.",Chile,4 - 2,Cabo Verde,2597
"Lun., 17 de Nov.",Egipto,1 - 1,Cabo Verde,2597
"Jue., 13 de Nov.",Irán,0 - 0Irán ganó 5-4 en penales,Cabo Verde,2597
"Lun., 13 de Oct.",Cabo Verde,3 - 0,Eswatini,2597
"Mié., 8 de Oct.",Libia,3 - 3,Cabo Verde,2597
"Mar., 9 de Sep.",Cabo Verde,1 - 0,Camerún,2597
"Jue., 4 de Sep.",Mauricio,0 - 2,Cabo Verde,2597
"Dom., 8 de Jun.",Georgia,1 - 1,Cabo Verde,2597
"Mar., 3 de Jun.",Malasia,0 - 3,Cabo Verde,2597
"Jue., 29 de May.",Malasia,1 - 1,Cabo Verde,2597
"Mar., 25 de Mar.",Angola,1 - 2,Cabo Verde,2597
"Jue., 20 de Mar.",Cabo Verde,1 - 0,Mauricio,2597
"Mar., 19 de Nov.",Mauritania,1 - 0,Cabo Verde,2597
"Vie., 15 de Nov.",Cabo Verde,1 - 1,Egipto,2597
"Mar., 15 de Oct.",Botswana,1 - 0,Cabo Verde,2597
"Jue., 10 de Oct.",Cabo Verde,0 - 1,Botswana,2597
"Mar., 10 de Sep.",Cabo Verde,2 - 0,Mauritania,2597
"Vie., 6 de Sep.",Egipto,3 - 0,Cabo Verde,2597
"Mar., 11 de Jun.",Cabo Verde,1 - 0,Libia,2597
"Sáb., 8 de Jun.",Camerún,4 - 1,Cabo Verde,2597
"Lun., 25 de Mar.",Cabo Verde,1 - 0,Equatorial Guinea,2597
"Jue., 21 de Mar.",Cabo Verde,1 - 0,Guyana,2597
"Sáb., 3 de Feb.",Cabo Verde,0 - 0Sudáfrica ganó 2-1 en penales,Sudáfrica,2597
"Mar., 9 de Jun.",Arabia Saudita,0 - 0,Senegal,655
"Vie., 5 de Jun.",Puerto Rico,0 - 3,Arabia Saudita,655
"Sáb., 30 de May.",Ecuador,2 - 1,Arabia Saudita,655
"Mar., 31 de Mar.",Serbia,2 - 1,Arabia Saudita,655
"Vie., 27 de Mar.",Arabia Saudita,0 - 4,Egipto,655
"Mar., 18 de Nov.",Arabia Saudita,0 - 2,Argelia,655
"Vie., 14 de Nov.",Arabia Saudita,1 - 0,Costa de Marfil,655
"Mar., 14 de Oct.",Arabia Saudita,0 - 0,Irak,655
"Mié., 8 de Oct.",Indonesia,2 - 3,Arabia Saudita,655
"Lun., 8 de Sep.",Chequia,1 - 1,Arabia Saudita,655
"Jue., 4 de Sep.",Arabia Saudita,2 - 1,North Macedonia,655
"Sáb., 28 de Jun.",México,2 - 0,Arabia Saudita,655
"Dom., 22 de Jun.",Arabia Saudita,1 - 1,Trinidad y Tobago,655
"Jue., 19 de Jun.",Arabia Saudita,0 - 1,Estados Unidos,655
"Dom., 15 de Jun.",Haití,0 - 1,Arabia Saudita,655
"Mar., 10 de Jun.",Arabia Saudita,1 - 2,Australia,655
"Jue., 5 de Jun.",Baréin,0 - 2,Arabia Saudita,655
"Vie., 30 de May.",Arabia Saudita,2 - 0,Jordania,655
"Mar., 25 de Mar.",Japón,0 - 0,Arabia Saudita,655
"Jue., 20 de Mar.",Arabia Saudita,1 - 0,China,655
"Mar., 31 de Dic.",Omán,2 - 1,Arabia Saudita,655
"Sáb., 28 de Dic.",Irak,1 - 3,Arabia Saudita,655
"Mié., 25 de Dic.",Yemen,2 - 3,Arabia Saudita,655
"Dom., 22 de Dic.",Arabia Saudita,2 - 3,Baréin,655
"Mar., 17 de Dic.",Arabia Saudita,3 - 1,Trinidad y Tobago,655
"Mar., 31 de Mar.",Argelia,0 - 0,Uruguay,212
"Vie., 27 de Mar.",Inglaterra,1 - 1,Uruguay,212
"Mar., 18 de Nov.",Estados Unidos,5 - 1,Uruguay,212
"Sáb., 15 de Nov.",México,0 - 0,Uruguay,212
"Lun., 13 de Oct.",Uzbekistán,1 - 2,Uruguay,212
"Vie., 10 de Oct.",Uruguay,1 - 0,República Dominicana,212
"Mar., 9 de Sep.",Chile,0 - 0,Uruguay,212
"Jue., 4 de Sep.",Uruguay,3 - 0,Perú,212
"Mar., 10 de Jun.",Uruguay,2 - 0,Venezuela,212
"Jue., 5 de Jun.",Paraguay,2 - 0,Uruguay,212
"Mar., 25 de Mar.",Bolívia,0 - 0,Uruguay,212
"Vie., 21 de Mar.",Uruguay,0 - 1,Argentina,212
"Mar., 19 de Nov.",Brasil,1 - 1,Uruguay,212
"Vie., 15 de Nov.",Uruguay,3 - 2,Colombia,212
"Mar., 15 de Oct.",Uruguay,0 - 0,Ecuador,212
"Vie., 11 de Oct.",Perú,1 - 0,Uruguay,212
"Mar., 10 de Sep.",Venezuela,0 - 0,Uruguay,212
"Vie., 6 de Sep.",Uruguay,0 - 0,Paraguay,212
"Dom., 1 de Sep.",Uruguay,1 - 1,Guatemala,212
"Sáb., 13 de Jul.",Canadá,2 - 2Uruguay ganó 4-3 en penales,Uruguay,212
"Mié., 10 de Jul.",Uruguay,0 - 1,Colombia,212
"Sáb., 6 de Jul.",Uruguay,0 - 0Uruguay ganó 4-2 en penales,Brasil,212
"Lun., 1 de Jul.",Estados Unidos,0 - 1,Uruguay,212
"Jue., 27 de Jun.",Uruguay,5 - 0,Bolívia,212
"Dom., 23 de Jun.",Uruguay,3 - 1,Panamá,212
"Lun., 8 de Jun.",Francia,3 - 1,Irlanda del Norte,478
"Jue., 4 de Jun.",Francia,1 - 2,Costa de Marfil,478
"Dom., 29 de Mar.",Colombia,1 - 3,Francia,478
"Jue., 26 de Mar.",Brasil,1 - 2,Francia,478
"Dom., 16 de Nov.",Azerbaiyán,1 - 3,Francia,478
"Jue., 13 de Nov.",Francia,4 - 0,Ucrania,478
"Lun., 13 de Oct.",Islandia,2 - 2,Francia,478
"Vie., 10 de Oct.",Francia,3 - 0,Azerbaiyán,478
"Mar., 9 de Sep.",Francia,2 - 1,Islandia,478
"Vie., 5 de Sep.",Ucrania,0 - 2,Francia,478
"Dom., 8 de Jun.",Alemania,0 - 2,Francia,478
"Jue., 5 de Jun.",España,5 - 4,Francia,478
"Dom., 23 de Mar.",Francia,2 - 0Vuelta · Empate 2-2 en marcador global · Francia ganó 5-4 en penales,Croacia,478
"Jue., 20 de Mar.",Croacia,2 - 0Ida,Francia,478
"Dom., 17 de Nov.",Italia,1 - 3,Francia,478
"Jue., 14 de Nov.",Francia,0 - 0,Israel,478
"Lun., 14 de Oct.",Bélgica,1 - 2,Francia,478
"Jue., 10 de Oct.",Israel,1 - 4,Francia,478
"Lun., 9 de Sep.",Francia,2 - 0,Bélgica,478
"Vie., 6 de Sep.",Francia,1 - 3,Italia,478
"Mar., 9 de Jul.",España,2 - 1,Francia,478
"Vie., 5 de Jul.",Portugal,0 - 0Francia ganó 5-3 en penales,Francia,478
"Lun., 1 de Jul.",Francia,1 - 0,Bélgica,478
"Mar., 25 de Jun.",Francia,1 - 1,Polonia,478
"Vie., 21 de Jun.",Países Bajos,0 - 0,Francia,478
"Mar., 9 de Jun.",Arabia Saudita,0 - 0,Senegal,654
"Dom., 31 de May.",Estados Unidos,3 - 2,Senegal,654
"Mar., 31 de Mar.",Senegal,3 - 1,Gambia,654
"Sáb., 28 de Mar.",Senegal,2 - 0,Perú,654
"Dom., 18 de Ene.",Senegal,0 - 3,Marruecos,654
"Mié., 14 de Ene.",Senegal,1 - 0,Egipto,654
"Vie., 9 de Ene.",Mali,0 - 1,Senegal,654
"Sáb., 3 de Ene.",Senegal,3 - 1,Sudan,654
"Mar., 30 de Dic.",Benin,0 - 3,Senegal,654
"Sáb., 27 de Dic.",Senegal,1 - 1,República Democrática del Congo,654
"Mar., 23 de Dic.",Senegal,3 - 0,Botswana,654
"Mar., 18 de Nov.",Senegal,8 - 0,Kenya,654
"Sáb., 15 de Nov.",Brasil,2 - 0,Senegal,654
"Mar., 14 de Oct.",Senegal,4 - 0,Mauritania,654
"Vie., 10 de Oct.",South Sudan,0 - 5,Senegal,654
"Mar., 9 de Sep.",República Democrática del Congo,2 - 3,Senegal,654
"Vie., 5 de Sep.",Senegal,2 - 0,Sudan,654
"Vie., 29 de Ago.",Senegal,1 - 1Senegal ganó 4-2 en penales,Sudan,654
"Mar., 26 de Ago.",Senegal,1 - 1Marruecos ganó 5-3 en penales,Marruecos,654
"Sáb., 23 de Ago.",Uganda,0 - 1,Senegal,654
"Mar., 19 de Ago.",Sudan,0 - 0,Senegal,654
"Mar., 12 de Ago.",Senegal,1 - 1,Congo,654
"Mar., 5 de Ago.",Senegal,1 - 0,Nigeria,654
"Dom., 27 de Jul.",Tanzania,2 - 1,Senegal,654
"Jue., 24 de Jul.",Uganda,2 - 1,Senegal,654
"Mar., 9 de Jun.",Irak,0 - 2,Venezuela,4375
"Jue., 4 de Jun.",España,1 - 1,Irak,4375
"Vie., 29 de May.",Irak,1 - 0,Andorra,4375
"Mar., 31 de Mar.",Irak,2 - 1,Bolívia,4375
"Mar., 18 de Nov.",Irak,2 - 1Vuelta · Irak gana 3-2 en marcador global,Emiratos Árabes Unidos,4375
"Jue., 13 de Nov.",Emiratos Árabes Unidos,1 - 1Ida,Irak,4375
"Mar., 14 de Oct.",Arabia Saudita,0 - 0,Irak,4375
"Sáb., 11 de Oct.",Irak,1 - 0,Indonesia,4375
"Mar., 10 de Jun.",Jordania,0 - 1,Irak,4375
"Jue., 5 de Jun.",Irak,0 - 2,Corea del Sur,4375
"Mar., 25 de Mar.",Palestina,2 - 1,Irak,4375
"Jue., 20 de Mar.",Irak,2 - 2,Kuwait,4375
"Sáb., 28 de Dic.",Irak,1 - 3,Arabia Saudita,4375
"Mié., 25 de Dic.",Baréin,2 - 0,Irak,4375
"Dom., 22 de Dic.",Irak,1 - 0,Yemen,4375
"Mar., 19 de Nov.",Omán,0 - 1,Irak,4375
"Jue., 14 de Nov.",Irak,0 - 0,Jordania,4375
"Mar., 15 de Oct.",Corea del Sur,3 - 2,Irak,4375
"Jue., 10 de Oct.",Irak,1 - 0,Palestina,4375
"Mar., 10 de Sep.",Kuwait,0 - 0,Irak,4375
"Jue., 5 de Sep.",Irak,1 - 0,Omán,4375
"Mar., 11 de Jun.",Irak,3 - 1,Vietnam,4375
"Jue., 6 de Jun.",Indonesia,0 - 2,Irak,4375
"Mar., 26 de Mar.",Filipinas,0 - 5,Irak,4375
"Jue., 21 de Mar.",Irak,1 - 0,Filipinas,4375
"Dom., 7 de Jun.",Marruecos,1 - 1,Noruega,464
"Lun., 1 de Jun.",Noruega,3 - 1,Suecia,464
"Mar., 31 de Mar.",Noruega,0 - 0,Suiza,464
"Vie., 27 de Mar.",Países Bajos,2 - 1,Noruega,464
"Dom., 16 de Nov.",Italia,1 - 4,Noruega,464
"Jue., 13 de Nov.",Noruega,4 - 1,Estonia,464
"Mar., 14 de Oct.",Noruega,1 - 1,Nueva Zelanda,464
"Sáb., 11 de Oct.",Noruega,5 - 0,Israel,464
"Mar., 9 de Sep.",Noruega,11 - 1,Moldavia,464
"Jue., 4 de Sep.",Noruega,1 - 0,Finlandia,464
"Lun., 9 de Jun.",Estonia,0 - 1,Noruega,464
"Vie., 6 de Jun.",Noruega,3 - 0,Italia,464
"Mar., 25 de Mar.",Israel,2 - 4,Noruega,464
"Sáb., 22 de Mar.",Moldavia,0 - 5,Noruega,464
"Dom., 17 de Nov.",Noruega,5 - 0,Kazajistán,464
"Jue., 14 de Nov.",Eslovenia,1 - 4,Noruega,464
"Dom., 13 de Oct.",Austria,5 - 1,Noruega,464
"Jue., 10 de Oct.",Noruega,3 - 0,Eslovenia,464
"Lun., 9 de Sep.",Noruega,2 - 1,Austria,464
"Vie., 6 de Sep.",Kazajistán,0 - 0,Noruega,464
"Sáb., 8 de Jun.",Dinamarca,3 - 1,Noruega,464
"Mié., 5 de Jun.",Noruega,3 - 0,Kosovo,464
"Mar., 26 de Mar.",Noruega,1 - 1,Eslovaquia,464
"Vie., 22 de Mar.",Noruega,1 - 2,Chequia,464
"Dom., 19 de Nov.",Escocia,3 - 3,Noruega,464
"Mar., 9 de Jun.",Argentina,3 - 0,Islandia,202
"Sáb., 6 de Jun.",Argentina,2 - 0,Honduras,202
"Mar., 31 de Mar.",Argentina,5 - 0,Zambia,202
"Vie., 27 de Mar.",Argentina,2 - 1,Mauritania,202
"Vie., 14 de Nov.",Angola,0 - 2,Argentina,202
"Mar., 14 de Oct.",Puerto Rico,0 - 6,Argentina,202
"Vie., 10 de Oct.",Argentina,1 - 0,Venezuela,202
"Mar., 9 de Sep.",Ecuador,1 - 0,Argentina,202
"Jue., 4 de Sep.",Argentina,3 - 0,Venezuela,202
"Mar., 10 de Jun.",Argentina,1 - 1,Colombia,202
"Jue., 5 de Jun.",Chile,0 - 1,Argentina,202
"Mar., 25 de Mar.",Argentina,4 - 1,Brasil,202
"Vie., 21 de Mar.",Uruguay,0 - 1,Argentina,202
"Mar., 19 de Nov.",Argentina,1 - 0,Perú,202
"Jue., 14 de Nov.",Paraguay,2 - 1,Argentina,202
"Mar., 15 de Oct.",Argentina,6 - 0,Bolívia,202
"Jue., 10 de Oct.",Venezuela,1 - 1,Argentina,202
"Mar., 10 de Sep.",Colombia,2 - 1,Argentina,202
"Jue., 5 de Sep.",Argentina,3 - 0,Chile,202
"Dom., 14 de Jul.",Argentina,1 - 0,Colombia,202
"Mar., 9 de Jul.",Argentina,2 - 0,Canadá,202
"Jue., 4 de Jul.",Argentina,1 - 1Argentina ganó 4-2 en penales,Ecuador,202
"Sáb., 29 de Jun.",Argentina,2 - 0,Perú,202
"Mar., 25 de Jun.",Chile,0 - 1,Argentina,202
"Jue., 20 de Jun.",Argentina,2 - 0,Canadá,202
"Mié., 10 de Jun.",Bolívia,0 - 4,Argelia,624
"Mié., 3 de Jun.",Países Bajos,0 - 1,Argelia,624
"Mar., 31 de Mar.",Argelia,0 - 0,Uruguay,624
"Vie., 27 de Mar.",Argelia,7 - 0,Guatemala,624
"Sáb., 10 de Ene.",Argelia,0 - 2,Nigeria,624
"Mar., 6 de Ene.",Argelia,1 - 0,República Democrática del Congo,624
"Mié., 31 de Dic.",Equatorial Guinea,1 - 3,Argelia,624
"Dom., 28 de Dic.",Argelia,1 - 0,Burkina Faso,624
"Mié., 24 de Dic.",Argelia,3 - 0,Sudan,624
"Mar., 18 de Nov.",Arabia Saudita,0 - 2,Argelia,624
"Jue., 13 de Nov.",Argelia,3 - 1,Zimbabwe,624
"Mar., 14 de Oct.",Argelia,2 - 1,Uganda,624
"Jue., 9 de Oct.",Somalia,0 - 3,Argelia,624
"Lun., 8 de Sep.",Guinea,0 - 0,Argelia,624
"Jue., 4 de Sep.",Argelia,3 - 1,Botswana,624
"Sáb., 23 de Ago.",Sudan,1 - 1Sudan ganó 4-2 en penales,Argelia,624
"Lun., 18 de Ago.",Argelia,0 - 0,Niger,624
"Vie., 15 de Ago.",Guinea,1 - 1,Argelia,624
"Vie., 8 de Ago.",Argelia,1 - 1,Sudáfrica,624
"Lun., 4 de Ago.",Uganda,0 - 3,Argelia,624
"Mar., 10 de Jun.",Suecia,4 - 3,Argelia,624
"Lun., 9 de Jun.",Argelia,2 - 0,Rwanda,624
"Jue., 5 de Jun.",Argelia,2 - 0,Rwanda,624
"Vie., 9 de May.",Argelia,3 - 0Vuelta,Gambia,624
"Sáb., 3 de May.",Gambia,0 - 0Ida,Argelia,624
"Lun., 1 de Jun.",Austria,1 - 0,Túnez,474
"Mar., 31 de Mar.",Austria,1 - 0,Corea del Sur,474
"Vie., 27 de Mar.",Austria,5 - 1,Ghana,474
"Mar., 18 de Nov.",Austria,1 - 1,Bosnia y Herzegovina,474
"Sáb., 15 de Nov.",Chipre,0 - 2,Austria,474
"Dom., 12 de Oct.",Rumania,1 - 0,Austria,474
"Jue., 9 de Oct.",Austria,10 - 0,San Marino,474
"Mar., 9 de Sep.",Bosnia y Herzegovina,1 - 2,Austria,474
"Sáb., 6 de Sep.",Austria,1 - 0,Chipre,474
"Mar., 10 de Jun.",San Marino,0 - 4,Austria,474
"Sáb., 7 de Jun.",Austria,2 - 1,Rumania,474
"Dom., 23 de Mar.",Serbia,2 - 0Vuelta · Serbia gana 3-1 en marcador global,Austria,474
"Jue., 20 de Mar.",Austria,1 - 1Ida,Serbia,474
"Dom., 17 de Nov.",Austria,1 - 1,Eslovenia,474
"Jue., 14 de Nov.",Kazajistán,0 - 2,Austria,474
"Dom., 13 de Oct.",Austria,5 - 1,Noruega,474
"Jue., 10 de Oct.",Austria,4 - 0,Kazajistán,474
"Lun., 9 de Sep.",Noruega,2 - 1,Austria,474
"Vie., 6 de Sep.",Eslovenia,1 - 1,Austria,474
"Mar., 2 de Jul.",Austria,1 - 2,Turquía,474
"Mar., 25 de Jun.",Países Bajos,2 - 3,Austria,474
"Vie., 21 de Jun.",Polonia,1 - 3,Austria,474
"Lun., 17 de Jun.",Austria,0 - 1,Francia,474
"Sáb., 8 de Jun.",Suiza,1 - 1,Austria,474
"Mar., 4 de Jun.",Austria,2 - 1,Serbia,474
"Dom., 7 de Jun.",Colombia,2 - 0,Jordania,2917
"Dom., 31 de May.",Suiza,4 - 1,Jordania,2917
"Mar., 31 de Mar.",Jordania,2 - 2,Nigeria,2917
"Vie., 27 de Mar.",Jordania,2 - 2,Costa Rica,2917
"Mar., 18 de Nov.",Jordania,0 - 0,Mali,2917
"Vie., 14 de Nov.",Túnez,3 - 2,Jordania,2917
"Mar., 14 de Oct.",Albania,4 - 2,Jordania,2917
"Vie., 10 de Oct.",Jordania,0 - 1,Bolívia,2917
"Mar., 9 de Sep.",Jordania,3 - 0,República Dominicana,2917
"Jue., 4 de Sep.",Rusia,0 - 0,Jordania,2917
"Mar., 10 de Jun.",Jordania,0 - 1,Irak,2917
"Jue., 5 de Jun.",Omán,0 - 3,Jordania,2917
"Vie., 30 de May.",Arabia Saudita,2 - 0,Jordania,2917
"Mar., 25 de Mar.",Corea del Sur,1 - 1,Jordania,2917
"Jue., 20 de Mar.",Jordania,3 - 1,Palestina,2917
"Vie., 14 de Mar.",Jordania,0 - 0,Corea del Norte,2917
"Mar., 19 de Nov.",Kuwait,1 - 1,Jordania,2917
"Jue., 14 de Nov.",Irak,0 - 0,Jordania,2917
"Mar., 15 de Oct.",Jordania,4 - 0,Omán,2917
"Jue., 10 de Oct.",Jordania,0 - 2,Corea del Sur,2917
"Mar., 10 de Sep.",Palestina,1 - 3,Jordania,2917
"Jue., 5 de Sep.",Jordania,1 - 1,Kuwait,2917
"Mar., 11 de Jun.",Arabia Saudita,1 - 2,Jordania,2917
"Jue., 6 de Jun.",Jordania,3 - 0,Tayikistán,2917
"Mar., 26 de Mar.",Jordania,7 - 0,Pakistan,2917
"Mié., 10 de Jun.",Portugal,2 - 1,Nigeria,482
"Sáb., 6 de Jun.",Portugal,2 - 1,Chile,482
"Mar., 31 de Mar.",Estados Unidos,0 - 2,Portugal,482
"Sáb., 28 de Mar.",México,0 - 0,Portugal,482
"Dom., 16 de Nov.",Portugal,9 - 1,Armenia,482
"Jue., 13 de Nov.",Irlanda,2 - 0,Portugal,482
"Mar., 14 de Oct.",Portugal,2 - 2,Hungría,482
"Sáb., 11 de Oct.",Portugal,1 - 0,Irlanda,482
"Mar., 9 de Sep.",Hungría,2 - 3,Portugal,482
"Sáb., 6 de Sep.",Armenia,0 - 5,Portugal,482
"Dom., 8 de Jun.",Portugal,2 - 2Portugal ganó 5-3 en penales,España,482
"Mié., 4 de Jun.",Alemania,1 - 2,Portugal,482
"Dom., 23 de Mar.",Portugal,5 - 2Vuelta · Portugal gana 5-3 en marcador global,Dinamarca,482
"Jue., 20 de Mar.",Dinamarca,1 - 0Ida,Portugal,482
"Lun., 18 de Nov.",Croacia,1 - 1,Portugal,482
"Vie., 15 de Nov.",Portugal,5 - 1,Polonia,482
"Mar., 15 de Oct.",Escocia,0 - 0,Portugal,482
"Sáb., 12 de Oct.",Polonia,1 - 3,Portugal,482
"Dom., 8 de Sep.",Portugal,2 - 1,Escocia,482
"Jue., 5 de Sep.",Portugal,2 - 1,Croacia,482
"Vie., 5 de Jul.",Portugal,0 - 0Francia ganó 5-3 en penales,Francia,482
"Lun., 1 de Jul.",Portugal,0 - 0,Eslovenia,482
"Mié., 26 de Jun.",Georgia,2 - 0,Portugal,482
"Sáb., 22 de Jun.",Turquía,0 - 3,Portugal,482
"Mar., 18 de Jun.",Portugal,2 - 1,Chequia,482
"Mar., 9 de Jun.",República Democrática del Congo,1 - 2,Chile,2850
"Mié., 3 de Jun.",República Democrática del Congo,0 - 0,Dinamarca,2850
"Mar., 31 de Mar.",República Democrática del Congo,1 - 0,Jamaica,2850
"Mié., 25 de Mar.",República Democrática del Congo,2 - 0,Bermuda,2850
"Mar., 6 de Ene.",Argelia,1 - 0,República Democrática del Congo,2850
"Mar., 30 de Dic.",Botswana,0 - 3,República Democrática del Congo,2850
"Sáb., 27 de Dic.",Senegal,1 - 1,República Democrática del Congo,2850
"Mar., 23 de Dic.",República Democrática del Congo,1 - 0,Benin,2850
"Mar., 16 de Dic.",Zambia,0 - 2,República Democrática del Congo,2850
"Dom., 16 de Nov.",Nigeria,1 - 1República Democrática del Congo ganó 4-3 en penales,República Democrática del Congo,2850
"Jue., 13 de Nov.",Camerún,0 - 1,República Democrática del Congo,2850
"Mar., 14 de Oct.",República Democrática del Congo,1 - 0,Sudan,2850
"Vie., 10 de Oct.",Togo,0 - 1,República Democrática del Congo,2850
"Mar., 9 de Sep.",República Democrática del Congo,2 - 3,Senegal,2850
"Vie., 5 de Sep.",South Sudan,1 - 4,República Democrática del Congo,2850
"Dom., 17 de Ago.",República Democrática del Congo,1 - 3,Marruecos,2850
"Jue., 14 de Ago.",Angola,0 - 2,República Democrática del Congo,2850
"Jue., 7 de Ago.",República Democrática del Congo,2 - 0,Zambia,2850
"Dom., 3 de Ago.",Kenya,1 - 0,República Democrática del Congo,2850
"Dom., 8 de Jun.",República Democrática del Congo,3 - 1,Madagascar,2850
"Jue., 5 de Jun.",República Democrática del Congo,1 - 0,Mali,2850
"Mar., 25 de Mar.",Mauritania,0 - 2,República Democrática del Congo,2850
"Vie., 21 de Mar.",República Democrática del Congo,1 - 0,South Sudan,2850
"Sáb., 28 de Dic.",República Democrática del Congo,3 - 1Vuelta · República Democrática del Congo gana 4-2 en marcador global,Chad,2850
"Sáb., 21 de Dic.",Chad,1 - 1Ida,República Democrática del Congo,2850
"Lun., 8 de Jun.",Países Bajos,2 - 1,Uzbekistán,2570
"Lun., 1 de Jun.",Canadá,2 - 0,Uzbekistán,2570
"Lun., 30 de Mar.",Uzbekistán,0 - 0Uzbekistán ganó 5-4 en penales,Venezuela,2570
"Vie., 27 de Mar.",Uzbekistán,3 - 1,Gabon,2570
"Lun., 26 de Ene.",Uzbekistán,2 - 2,China,2570
"Mar., 18 de Nov.",Uzbekistán,0 - 0Uzbekistán ganó 4-3 en penales,Irán,2570
"Vie., 14 de Nov.",Egipto,0 - 2,Uzbekistán,2570
"Lun., 13 de Oct.",Uzbekistán,1 - 2,Uruguay,2570
"Mar., 10 de Jun.",Uzbekistán,3 - 0,Qatar,2570
"Jue., 5 de Jun.",Emiratos Árabes Unidos,0 - 0,Uzbekistán,2570
"Mar., 25 de Mar.",Irán,2 - 2,Uzbekistán,2570
"Jue., 20 de Mar.",Uzbekistán,1 - 0,Kirguistán,2570
"Mar., 19 de Nov.",Corea del Norte,0 - 1,Uzbekistán,2570
"Jue., 14 de Nov.",Qatar,3 - 2,Uzbekistán,2570
"Mar., 15 de Oct.",Uzbekistán,1 - 0,Emiratos Árabes Unidos,2570
"Jue., 10 de Oct.",Uzbekistán,0 - 0,Irán,2570
"Mar., 10 de Sep.",Kirguistán,2 - 3,Uzbekistán,2570
"Jue., 5 de Sep.",Uzbekistán,1 - 0,Corea del Norte,2570
"Mar., 11 de Jun.",Irán,0 - 0,Uzbekistán,2570
"Jue., 6 de Jun.",Uzbekistán,3 - 1,Turkmenistán,2570
"Mar., 26 de Mar.",Uzbekistán,3 - 0,Hong Kong,2570
"Jue., 21 de Mar.",Hong Kong,0 - 2,Uzbekistán,2570
"Sáb., 3 de Feb.",Qatar,1 - 1Qatar ganó 3-2 en penales,Uzbekistán,2570
"Mar., 30 de Ene.",Uzbekistán,2 - 1,Tailandia,2570
"Mar., 23 de Ene.",Australia,1 - 1,Uzbekistán,2570
"Dom., 7 de Jun.",Colombia,2 - 0,Jordania,208
"Lun., 1 de Jun.",Colombia,3 - 1,Costa Rica,208
"Dom., 29 de Mar.",Colombia,1 - 3,Francia,208
"Jue., 26 de Mar.",Colombia,1 - 2,Croacia,208
"Mar., 18 de Nov.",Colombia,3 - 0,Australia,208
"Sáb., 15 de Nov.",Colombia,2 - 1,Nueva Zelanda,208
"Mar., 14 de Oct.",Colombia,0 - 0,Canadá,208
"Sáb., 11 de Oct.",México,0 - 4,Colombia,208
"Mar., 9 de Sep.",Venezuela,3 - 6,Colombia,208
"Jue., 4 de Sep.",Colombia,3 - 0,Bolívia,208
"Mar., 10 de Jun.",Argentina,1 - 1,Colombia,208
"Vie., 6 de Jun.",Colombia,0 - 0,Perú,208
"Mar., 25 de Mar.",Colombia,2 - 2,Paraguay,208
"Jue., 20 de Mar.",Brasil,2 - 1,Colombia,208
"Mar., 19 de Nov.",Colombia,0 - 1,Ecuador,208
"Vie., 15 de Nov.",Uruguay,3 - 2,Colombia,208
"Mar., 15 de Oct.",Colombia,4 - 0,Chile,208
"Jue., 10 de Oct.",Bolívia,1 - 0,Colombia,208
"Mar., 10 de Sep.",Colombia,2 - 1,Argentina,208
"Vie., 6 de Sep.",Perú,1 - 1,Colombia,208
"Dom., 14 de Jul.",Argentina,1 - 0,Colombia,208
"Mié., 10 de Jul.",Uruguay,0 - 1,Colombia,208
"Sáb., 6 de Jul.",Colombia,5 - 0,Panamá,208
"Mar., 2 de Jul.",Brasil,1 - 1,Colombia,208
"Vie., 28 de Jun.",Colombia,3 - 0,Costa Rica,208
"Mié., 10 de Jun.",Inglaterra,3 - 0,Costa Rica,448
"Sáb., 6 de Jun.",Inglaterra,1 - 0,Nueva Zelanda,448
"Mar., 31 de Mar.",Inglaterra,0 - 1,Japón,448
"Vie., 27 de Mar.",Inglaterra,1 - 1,Uruguay,448
"Dom., 16 de Nov.",Albania,0 - 2,Inglaterra,448
"Jue., 13 de Nov.",Inglaterra,2 - 0,Serbia,448
"Mar., 14 de Oct.",Letonia,0 - 5,Inglaterra,448
"Jue., 9 de Oct.",Inglaterra,3 - 0,Gales,448
"Mar., 9 de Sep.",Serbia,0 - 5,Inglaterra,448
"Sáb., 6 de Sep.",Inglaterra,2 - 0,Andorra,448
"Mar., 10 de Jun.",Inglaterra,1 - 3,Senegal,448
"Sáb., 7 de Jun.",Andorra,0 - 1,Inglaterra,448
"Lun., 24 de Mar.",Inglaterra,3 - 0,Letonia,448
"Vie., 21 de Mar.",Inglaterra,2 - 0,Albania,448
"Dom., 17 de Nov.",Inglaterra,5 - 0,Irlanda,448
"Jue., 14 de Nov.",Grecia,0 - 3,Inglaterra,448
"Dom., 13 de Oct.",Finlandia,1 - 3,Inglaterra,448
"Jue., 10 de Oct.",Inglaterra,1 - 2,Grecia,448
"Mar., 10 de Sep.",Inglaterra,2 - 0,Finlandia,448
"Sáb., 7 de Sep.",Irlanda,0 - 2,Inglaterra,448
"Dom., 14 de Jul.",España,2 - 1,Inglaterra,448
"Mié., 10 de Jul.",Países Bajos,1 - 2,Inglaterra,448
"Sáb., 6 de Jul.",Inglaterra,1 - 1Inglaterra ganó 5-3 en penales,Suiza,448
"Dom., 30 de Jun.",Inglaterra,2 - 1,Eslovaquia,448
"Mar., 25 de Jun.",Inglaterra,0 - 0,Eslovenia,448
"Dom., 7 de Jun.",Croacia,2 - 1,Eslovenia,477
"Mar., 2 de Jun.",Croacia,0 - 2,Bélgica,477
"Mar., 31 de Mar.",Brasil,3 - 1,Croacia,477
"Jue., 26 de Mar.",Colombia,1 - 2,Croacia,477
"Lun., 17 de Nov.",Montenegro,2 - 3,Croacia,477
"Vie., 14 de Nov.",Croacia,3 - 1,Islas Feroe,477
"Dom., 12 de Oct.",Croacia,3 - 0,Gibraltar,477
"Jue., 9 de Oct.",Chequia,0 - 0,Croacia,477
"Lun., 8 de Sep.",Croacia,4 - 0,Montenegro,477
"Vie., 5 de Sep.",Islas Feroe,0 - 1,Croacia,477
"Lun., 9 de Jun.",Croacia,5 - 1,Chequia,477
"Vie., 6 de Jun.",Gibraltar,0 - 7,Croacia,477
"Dom., 23 de Mar.",Francia,2 - 0Vuelta · Empate 2-2 en marcador global · Francia ganó 5-4 en penales,Croacia,477
"Jue., 20 de Mar.",Croacia,2 - 0Ida,Francia,477
"Lun., 18 de Nov.",Croacia,1 - 1,Portugal,477
"Vie., 15 de Nov.",Escocia,1 - 0,Croacia,477
"Mar., 15 de Oct.",Polonia,3 - 3,Croacia,477
"Sáb., 12 de Oct.",Croacia,2 - 1,Escocia,477
"Dom., 8 de Sep.",Croacia,1 - 0,Polonia,477
"Jue., 5 de Sep.",Portugal,2 - 1,Croacia,477
"Lun., 24 de Jun.",Croacia,1 - 1,Italia,477
"Mié., 19 de Jun.",Croacia,2 - 2,Albania,477
"Sáb., 15 de Jun.",España,3 - 0,Croacia,477
"Sáb., 8 de Jun.",Portugal,1 - 2,Croacia,477
"Lun., 3 de Jun.",Croacia,3 - 0,North Macedonia,477
"Mar., 2 de Jun.",Gales,1 - 1,Ghana,4469
"Vie., 22 de May.",México,2 - 0,Ghana,4469
"Lun., 30 de Mar.",Alemania,2 - 1,Ghana,4469
"Vie., 27 de Mar.",Austria,5 - 1,Ghana,4469
"Mar., 18 de Nov.",Corea del Sur,1 - 0,Ghana,4469
"Vie., 14 de Nov.",Japón,2 - 0,Ghana,4469
"Dom., 12 de Oct.",Ghana,1 - 0,Comoros,4469
"Mié., 8 de Oct.",República Centroafricana,0 - 5,Ghana,4469
"Lun., 8 de Sep.",Ghana,1 - 0,Mali,4469
"Jue., 4 de Sep.",Chad,1 - 1,Ghana,4469
"Sáb., 31 de May.",Trinidad y Tobago,0 - 4,Ghana,4469
"Mié., 28 de May.",Ghana,1 - 2,Nigeria,4469
"Lun., 24 de Mar.",Madagascar,0 - 3,Ghana,4469
"Vie., 21 de Mar.",Ghana,5 - 0,Chad,4469
"Sáb., 28 de Dic.",Nigeria,3 - 1Vuelta · Nigeria gana 3-1 en marcador global,Ghana,4469
"Dom., 22 de Dic.",Ghana,0 - 0Ida,Nigeria,4469
"Lun., 18 de Nov.",Ghana,1 - 2,Niger,4469
"Vie., 15 de Nov.",Angola,1 - 1,Ghana,4469
"Mar., 15 de Oct.",Sudan,2 - 0,Ghana,4469
"Jue., 10 de Oct.",Ghana,0 - 0,Sudan,4469
"Lun., 9 de Sep.",Niger,1 - 1,Ghana,4469
"Jue., 5 de Sep.",Ghana,0 - 1,Angola,4469
"Lun., 10 de Jun.",Ghana,4 - 3,República Centroafricana,4469
"Jue., 6 de Jun.",Mali,1 - 2,Ghana,4469
"Mar., 26 de Mar.",Uganda,2 - 2,Ghana,4469
"Sáb., 6 de Jun.",Panamá,1 - 1,Bosnia y Herzegovina,2659
"Mié., 3 de Jun.",Panamá,4 - 2,República Dominicana,2659
"Dom., 31 de May.",Brasil,6 - 2,Panamá,2659
"Mar., 31 de Mar.",Sudáfrica,1 - 2,Panamá,2659
"Vie., 27 de Mar.",Sudáfrica,1 - 1,Panamá,2659
"Jue., 22 de Ene.",Panamá,0 - 1,México,2659
"Dom., 18 de Ene.",Bolívia,1 - 1,Panamá,2659
"Mar., 18 de Nov.",Panamá,3 - 0,El Salvador,2659
"Jue., 13 de Nov.",Guatemala,2 - 3,Panamá,2659
"Mar., 14 de Oct.",Panamá,1 - 1,Suriname,2659
"Vie., 10 de Oct.",El Salvador,0 - 1,Panamá,2659
"Lun., 8 de Sep.",Panamá,1 - 1,Guatemala,2659
"Jue., 4 de Sep.",Suriname,0 - 0,Panamá,2659
"Sáb., 28 de Jun.",Panamá,1 - 1Honduras ganó 5-4 en penales,Honduras,2659
"Mar., 24 de Jun.",Panamá,4 - 1,Jamaica,2659
"Vie., 20 de Jun.",Guatemala,0 - 1,Panamá,2659
"Lun., 16 de Jun.",Panamá,5 - 2,Guadeloupe,2659
"Mar., 10 de Jun.",Panamá,3 - 0,Nicaragua,2659
"Sáb., 7 de Jun.",Belize,0 - 2,Panamá,2659
"Dom., 23 de Mar.",México,2 - 1,Panamá,2659
"Jue., 20 de Mar.",Estados Unidos,0 - 1,Panamá,2659
"Sáb., 8 de Feb.",Chile,6 - 1,Panamá,2659
"Lun., 18 de Nov.",Panamá,2 - 2Vuelta · Panamá gana 3-2 en marcador global,Costa Rica,2659
"Jue., 14 de Nov.",Costa Rica,0 - 1Ida,Panamá,2659
"Mar., 15 de Oct.",Canadá,2 - 1,Panamá,2659
